index,address
0,0x043E95e5eDf2F9B6C199c65a89dbF10a12511Ec7
1,0x0BcB70BFFAE89f27c405d17088E62CC158CE3334
2,0x7a07bbfEb9DA787a4e1465Ce2934013E1Cc4C473
3,0x46580186AD4EE5f20fDE6560E4FD27fF9e2012Ec
4,0x386B76640038d7cB366bfE424c540f91dd4EdF60
5,0xa5ee29CB387fCa276aD3AC8b11433744b49f0D0f
6,0xf2c03e7243C2d70C106eb22cDd67A3748A675E90
7,0xf87496A6F6f34690b6CF918De4e0A072e336393b
8,0xBbb239E2Df8219b65a02c82bcdD86fb992544845
9,0x43f84844b575f88327Dc0a641D9045E55fb9cFf8
10,0x8715982dA19295E5aB53E7b20aded560Cc1532f8
11,0x10434eD396Eab493568A21251BF9eb53137625FB
12,0x46eF377f3f8b9086b403945f44ca93763eB7D2ef
13,0x5A4042e7371bfD21706bc3340BAAA4add0fDf0aC
14,0x6b1b9e56842c18B9Bb3A341FF7810f93c139F4Db
15,0x3394705D931F106BC4294d5d090B492B85D762C7
16,0xE124D3055f46c23605f60aE885772eD6F934D78C
17,0xF25cD95B51B2b4a068394Fc87d4A574c8D09b2b1
18,0x0D7000C4A8C3A615771CA362C169AD2B93111408
19,0xb71B50Ac40CbAddaA2Ae828FB793C138995FE9C5
20,0x4F825DC0Ada517920da55aeB0fe59AC98dFc5B52
21,0xb5b2aDD31416e594A8edD4A8F7c8C2dD4FAffda3
22,0x3e1F873875E015ceAcB4a14967c34c89c985d0B8
23,0xCe702d91F1fFb9d87543EfCCff4AC67994FC56a7
24,0x67df07C4e222Ae12D349F6A917F7a8D0adeC6dFE
25,0xB75e43406c3Ad40D23dfAaa38F7fA3334d2369E4
26,0xec6B44843cBD52545fC8E4b1314C814C0D562667
27,0xC8BE17B9777eb8187e74D2D1A2F715705a899a03
28,0x5cfef49c728753a1F863188eb3aB1d070DEAF76b
29,0x112d661D7A0294979C11B77becA9E5b605c8cB86
30,0x01850E96414166441Eac90a528E428a7aD83E6dB
31,0xA6659AfbB4832473F124fD0386DB923fd6cE609F
32,0xfC513c758728059Dd9D440F5D283bB423E5510A2
33,0x8F1596De5D5562c9926d5e22143d32749c60B981
34,0x1422BeC6FDD2bcA24B716c4f8D08a824ab0F4FfD
35,0x18686Ad9EE0af7F1De71111D90C7Da86B483AFdA
36,0x5E8799214AdD1300d73Fa4C2F1b0965EBDC98a5b
37,0x4Ab87D7D4f03e95a1335Ea6690E4dAEf42dfEbcA
38,0x69C516f3e14F7420E1F10e983f22F2796FCdD163
39,0x1E96425b98059EfC9AE6f0B0EFE8e9c73DaE03F9
40,0xc19496c325fd94A97895E72C83f22E470a8A1DaE
41,0x8bbB02bb57Ef67a6C1189EBdE5CeEfAe4b5523ef
42,0xa57c00b884A216f4a2947e5d9ef7A264CA2D7757
43,0x4BAA3fBA392733bd7b6272c33aB2A81f5aE63657
44,0x3b34CC67727C37f4df6D49Ce31EcebeaE0501D46
45,0x2C230ACEC2109c41646ec2c19c42356FC71C0cD8
46,0xC305303E77758164b8578f6e48E706e86C4Fcf56
47,0x61367f1Da9bDEc9A0A75A8A6F939c37123536356
48,0x025dF7cdeb469CB6807d25c8ECdCEAf4EA4a64dD
49,0xbb114199B3AD284aa9646ce532C11271B278b082
50,0x8f2918782416993e5603E96eaf2F3ae9C6B79843
51,0xd7cF24D6924f6b278d5B6f8E15959c73D2af5633
52,0x4a3f1D6f21dCa3053982f7F5253a635493ACc444
53,0x9c17931e563B8924527620722Af704E29Db09565
54,0x776deE81c1ee37A13c9D9Dad5e9Ae98fF7D6C36f
55,0x2d83536b918432be0b4A01b98621cEc30C4DFaCE
56,0xa4f5E26070078DF5F8E3CC4A3af5D574fBA7b6c9
57,0x6619792b20BC16602c6A917CAc0ac77d6Bc14CCb
58,0xb78AF4Fc28675d1fa55BD1f9247BE0f60110ac83
59,0xb73Dc9511493980d7355A7d93591b4A75F84101a
60,0x4Ed685e372deB66dC918F6217531A4C2502142A6
61,0x538CCCE5aaf1570175ddAe54561293b8D171b64D
62,0x4bE1F747C7E34F7dC1596A0078dC0635181ce0D7
63,0xdB10B7a27e3a3f98245da0734607C8574bD56cd2
64,0x356A93495fD557a5065fB8aDd54bA91376FE6f62
65,0xE8Ace2A996840e512780cbF341363A19329632DF
66,0x93736dC9388992bBD73103222e9755DF0D9937F0
67,0xbf084230E072091d98e7042074ff63669a370CC9
68,0x86a26B3D5E2294728a96D22bc565a0bf31fFE39B
69,0xFa2f7c03c980fd4Ca271c8Efeb069da721F95FBF
70,0x0EbA5c0861661dA1E57371950B51265B9F37E634
71,0xFC08C3d3e4b8B611172195965a5CFC5472Cf90D1
72,0x438D1242DA553D7Bc7621AeDD261286b5F4e7557
73,0xa21452c0050ea04301f50a6c813149cc23841CFC
74,0x88413B1e8f2Bfb9b4Ff594fFF549C8e2566E4E8d
75,0x1CB273B2D2c97383Cb791127320D50FD02459839
76,0xCB2d702Def3Fe27128313D381E9575eb0d9Bbc1e
77,0x243fe89C7d8CcE63Eef26A81035Daf6275a85B4b
78,0x8C1219bC61A1db9A071AdC191d098097738a57c3
79,0x5D8a617fC9113286E81db2833538922Cb8682aD4
80,0xcFa429F7C3A9BcbBb9ad73CD124099e2071Be455
81,0xAcEbA26C66B48246193c2951c954B67133F9bC18
82,0x63b2DA1D62FD1b5c56162f9654FE1B6E25b0F855
83,0x7e1550176B0E84569160F8B512aF12C7B1895Cb5
84,0x40ff05Bd3475B0C4403DA3194069C292B50Daa5F
85,0x9123940c00ec4e7379a984273adc2e07656BF1f8
86,0x28aEdfA9625F4cf6493B8A2130d0D23FA26BCfc6
87,0xa559717C2B087433D128EDAA81a5Cd167c6a92e1
88,0x54a9b54F0E370aaC72729F5960a11B9a4915f6BA
89,0x1e554346C87Ca680B4Ac989d1357E0d6ed20aE17
90,0x051474aFC7A515dD8D064648f8a3a6cA2Dc19f86
91,0x2ba0b5d7EE80f3D024EB5899094CD96F0297C17D
92,0x44f8289661708A532045b51a798De27402F7BF9b
93,0xDF6448AF14cD565Dc69Cc0E01eb09e2E49538659
94,0xdC5Ae0212CE50747EF41faB82A012d99D04A3c1e
95,0x9F4E694E0bb06A6821b9251486c3fcC66884aCa3
96,0xdCE11cc6902aeE7B71545d31510439177C3a186B
97,0x2c9a38633D1c8b1Ab1aca71C0E44fd11B7417712
98,0x8F9065FC6a79C75e2D2aCd9a155C66CBaa862143
99,0xa0C8800Db1d9C54fD01d6BF866D985fc6481e252
100,0xc28A8B8504894453718F8F345C448dbF54afEBb6
101,0xE6D323FF860e925629E4Fb10441aCF1116769AEA
102,0x1bB1Aac957532D58A328CF110832C30f25406aA5
103,0xba1b8D78e8B7796bF3cCc5F220f6d832482D95de
104,0x5553e65523F4C7B6ACA374EE903a17a5df80337F
105,0xB31aF629db0aC4929A448174012f9E214B98F4c0
106,0x766095A60EbD3C7F59b8076B08b7F1A5bc666a60
107,0xf35f648d69b07c7613f7D83BbEE129910547AE4a
108,0xabAA34933A6b8b28aC30Aec06eeF6CE394b94789
109,0x59F4043C3993824CCa3C0e1fD17843D8a522D95f
110,0xD59520972E6f78007447ec59830bCbAF0Ab57AA0
111,0xA8e712d04584635BE2a0989541Fc3B661eF24d58
112,0x5578e20367CE70f54874f97d88b7a2002838518F
113,0x129F04F5031Eb7CC22876e0bb65cdb2862DB68C7
114,0x059975Ff60D3B62cD8F93822aA175d84813D7b12
115,0x3EDdf3b14EFEBa5e67a687E53414e41EE07287C3
116,0xE428ec438948d47eb0b951fA114329d4cE219400
117,0xFFCB2367f0C448507E2BB276D53416A4Cc7a921a
118,0x7f7BF0260a3CBB27902AeE5f2A86c6157c36A2bE
119,0x295405E0bDc0a2f0230AeFdDbd67f190634e92f8
120,0x2520dCA68b96e1A018DDAef4B5735d45B988D990
121,0xC09718d3633dec8077f7349c42ce606b7835657f
122,0x062286be00045F1eeEcBA423781A41d50E6851bE
123,0x8aB53fe217D5C98A266B6c8E95959314119BBe3d
124,0x7D7Ef7448425E853Db66c50aBE6A074255851Ee2
125,0xF6C5D07B0bd56ca794776ba45800974FDD7fC12F
126,0x68B86196658824524e3379B5Ee8635eEfFaaF2Cd
127,0x310E7eF1cbfc3bA00B13c5771C392A7c216f8b90
128,0xD2fBc0E72D80755B230F2478f11dAf3056ceeC67
129,0x412A352676B19abA9C024dFC3C6cfb4094D4dAAa
130,0x84CC6411F3A29b9E51ECFf15b228101A759a6FCE
131,0xD2dbfdfa4dD1858f8fFdDcCF38C7Aa3Aa72480E2
132,0xc773FBad7d8b81c095fa09db5e2CC450508Cec63
133,0xaAa3B06f2bFb1E050E8DD31C3c9996027069E341
134,0x6eF3d215Ad8a62B3c562B6847Afcf54E1e5E6B9f
135,0xb11FD23F819FbC79e5e35Df88cb1F72AFfF8e817
136,0x375F1d87084bAf3982A19c9eB540A25d9184F999
137,0xC924728088D3518c6d24933182888808e921803d
138,0xd2Ef9d030f77f352d9e04619B0885c808fA70E20
139,0xDedE58657824175Fa117D05C415Ea4eE307D52C1
140,0xD95Df304FED214f579609ba314979c330c46a5c3
141,0x96Ff0167D05eFa7eE8478939f38a2217a079a4ea
142,0xE152A2aFB06c1145956f0cFd44B3D4E6B421EC3a
143,0xEf9997BFA6fC3E048Ef225D87f29421DCC2e6d31
144,0x0d98d0C1D6A6A7b57c1Dc8e197951F8ccffBaCBB
145,0x69076E4C0d0514bbae265d1ad2993D9EFDCCbe76
146,0x3B3a8F81122b89E2A1796b8186bc31693b477971
147,0x0EfD0e3D64f648afB207F9cD946bC268b9b914D8
148,0xc349e43Ac80A99cc76A2EDaDEc2eD2048994693c
149,0xf2f19B61AE16b7EDB45f39848D63B4c299B6c9A2
150,0x223fB3513A1dda4C4Cc39b501A7794f59084E6a4
151,0x5CEfD21523cEAbAed6687b327FF6715fE64ee940
152,0x74D1A536f2dB2d54506F288A3dF8f1F6AC26C08e
153,0x621793786B6FFDe4d585D5c169668F8e9cc1c244
154,0x72ae2bc0EbF7642afC83160fFF2E6268D5Cf4d7d
155,0x5586659C32B38b3f035B413F9b7751950691ceA9
156,0x163bbd2016e9FBe25F7cDA738b0C167d44044DeA
157,0x6AEB8954609E0E00b5d5760D98EdE85a595100D6
158,0x7e8B76f906ec0B74bD2DA1fcccDf788830c9bb5f
159,0x75eEB09e4251aef8a405178198611a97c589cb7c
160,0x8dc53F6d0EAAfa45881311f7Fd24963ba3F6837E
161,0x47a93765e9a836ba3Fe6273Abfb37506252b6143
162,0x329E863BF98750BDB4aE4256Eb35864F270e7804
163,0x25043D81C88bdd3071452754446B4428f08f173c
164,0x9966157C9393956c5D4f54FA11a68C8D21A68105
165,0xa321C40fdA3748EAeecfCC16a338e85c812Cf91f
166,0x9DD7aa1094b535D8AD0006Ed9f2190035aDbbff0
167,0x73AA96B94bA9E4a5264a5879CA52E73f240BAbFb
168,0xf3872Caf73a0985780c962921e0dA222c90B6967
169,0x7BF0Aa097a8204e51F4f6b5c6394052C4E28678B
170,0x046A77269D86022EdC6e05Ec1CA518187f6eC687
171,0x3e25f26DB74Bdd9F0c50Eab05722Fa4BECdE578d
172,0x7C06996061CF8ebF195A0546762FBb4A8Fc64F44
173,0x2d872B3078A0A2B4C0C9da5F2cFa878eb7A99050
174,0x3d3f6060a3c4EB3d2ad5f1Bd25986A6d3Ca237Fb
175,0xed6656F037FDf89F71F680409F61fDD71364cC86
176,0x8460Be9493bf521beFA192c5A9821d858e2f71DF
177,0x3459E7aEcebce1983a5990fC8Bd558f2B84A3B06
178,0xbd7B4d20B2f5214B46Ab97696BA373ed465B9132
179,0xd6ca7248462331e7137386134ea420EFF50a1cfA
180,0x6f824c3B5df2043edc3A0cC41eFc356D965d5513
181,0xc08289AF12c1032d6FdE17e5e57f9fB84e003974
182,0xbA2807089a5dCF03dCC0174E05BCEB158aC09f24
183,0x8135051b33ED68c420D718f44086afd25c2AFf15
184,0xFb07c4b3D5CEf5773dAa7887eFC91CA2fB76Cc7a
185,0x38135c886567626b0c5554d942aC6cA653B30CeC
186,0x8d01d2343F02C13De3a12d038e167F494A20bF3F
187,0x4076241F68fbc865C09ff0a6f11F43695cBaC4BA
188,0x52a3373B641D10ceA6C5904Ed9406e934DdE97B5
189,0xEDd458C0850d4F696c8abefBF8a7269cED00F446
190,0xb89F32c5f7829CEf1441Eb3fC161C2c62B6ed3d5
191,0x42E93842D3ed002a9783b985AB26BC35e2bFa964
192,0x3Cc729A6b7Ba1BffCd68036d2E4249561D2DFF0F
193,0xa1eA0877917ab7195a0d7699d587970E16d43B66
194,0xD4cf626A78290a76bdb53057ecFE3925CdebfC5b
195,0xcF7A4f987eCe287226A55Cd85132E288d71Bd08a
196,0xcbA4a582F35609941A1E8Fe16931f1534aB8E304
197,0x45E336C56919999DCb16831Cd6E407B01A201883
198,0x0DDA735Dd55418169379D1a4f686D7c00D51B409
199,0xD3d32680f7a6c2988FdEa9f593b2ec41A696660C
200,0x0dFFBf8be4301a4A25C38Bc7581f350b6146cE88
201,0xe4D04f93BD08281C8e71107607a79210c17835b7
202,0xdf7f850014B22d2708be91D5Fd39bA0f0F44Bc88
203,0x9b4583DBA18dbb777D49588f14407eCf4528a99f
204,0xa5bc6e1B46900308a8905491d26491d07c0cac02
205,0x597761A013cFC1697e0701EEb443266AA024C0A9
206,0x719887962118cA2290eEb828f5451be9a01D4dcf
207,0x7130bC92F2A2997080Af1a6e70fBC51ebe7d1471
208,0xCDd844a3A9DA733CBe59986f921BbeF227e0B7a4
209,0xd6848cf83Ab5D9d4e25D167A1538a9FA9B10E516
210,0x52617C12f673b41b977bF1a0657B86Dc7673Df82
211,0xAfd438a31c9b4d096D6e2e5cEf32B206D631D9FB
212,0xF16c56eeEFae95C93A571489805Be3Da907d7C22
213,0xe6B66e320f30AdEc62058531671e377FE1eCEBd8
214,0xdbB7Ec1E8D0a29517AD9FF1Ad8Ce85F920A5157A
215,0x6AA8c568F3F9CE60214f2f23d736364D22b44Cc4
216,0x0653Cc02D82E00b6bcCA223eFD307b323AB9613F
217,0x2b94D2F5b45e026A3d71AB57959Bb19785c9082c
218,0x02D102D3E74cE575938510a26250ee91cdB16c95
219,0x48f453782330ECdC8BE3Be56401e7007b3127147
220,0x989f9EfeD2c112CC47e70fADaf01fedfe2eF6cd2
221,0x244D0E5b39ff8F265f97d8Fe899228845AFf7d38
222,0x106bc9a978b3E5f560141D2c3FeA67703EF01600
223,0xD8dd7Ec5748E81350F00FBe8Ede9acFebaD2D9F5
224,0x813DA51b3DC8D845CE3B4051Bdc3833eC82C3f27
225,0x6Bc250A3e42b1048fab9e52b09a0DEaBDe3e2bb6
226,0xE81bE5d5fe7b872A9eDc3cE20a15aBbF410660c8
227,0x966DB6E7Fde3dD80f0e0C6a5e457c3F9aF7E77Fa
228,0x39b04C114Bf178980C179C38a9471f34211Ace9F
229,0xEBEc86fB07C98b06D704e3325c3fc83e7d14Cc3d
230,0x582D2F7F96364bd5edb1544521b95A37517d3Ba5
231,0x811258cdFB53B9b0296c9A7A6e4779F79Bf4B095
232,0x634dBB9abF793a01452259F7AE07A6F5CFD699AA
233,0x2462008F9A633191f5E1506bC114c97ba707dE48
234,0xabF79efc49382D1BDAcC9f6Ec8E11D142401F0Ad
235,0xac28C95Fe45D0bd6d7d72e1711a9eF9EcC6d34da
236,0x66cc4fA59FE36329b7b207cD768d3634F918FfCb
237,0x3F3fDa4387d7E08d636cEF2AF04972aDAe9e893b
238,0x625B53276605f9C0Fa0B2ef1138076e3Aa404Ac3
239,0xec46821680677ccC31b2e704915C3D6F491c53dE
240,0x6FaEeda9EABdBa76Cfd66D818fC74528FbC7f518
241,0x09e00b2DC2E02755358e8E6Db2ae88E606e9FAB2
242,0x0c9c4381083817AB0a227253231113C5cBf7dcdc
243,0x791d04177016e1cBeC4Ef8e52d4c1C117c86E5fC
244,0x063Aa209a96E69Bd1a65B439268cA75d5e96c857
245,0x75eDfDf366Cf42F94B682CD138b1A36481E5A779
246,0x5C4279B92E0c804A13024a1dbFFF30968Cf0068D
247,0x8De7F35365485976324A8E2b8fbD12a38e558E81
248,0x855AF109CA1efE7e29a0432a0cD4f627e517bFD4
249,0x1Dc8ED6D002A6C5dC8614656653Cad2B9C114748
250,0xECA1116e5EEB76d15a828eFa94Be5a14f1Da7BBB
251,0xef1A15f790c5B91A9d80102B2E847d8BBB02a20C
252,0x89a9a5D5c3F589a5099232bD68375586986910ea
253,0x00aBafFD6d318C2cF110B9080690F40da44a1f8b
254,0x4F0ad258635349501F32Ac4F500FfD14250A593f
255,0xD0921e67460c5a6C89809d24cB2cf0d7A7CDcbbe
256,0x8c6d1e779D0027e9897e5e386383906447edb75d
257,0x3aCc52E1B7D8764C7e87C8D82eed7F77a88706D0
258,0x8a6341B2767dA75b8d39848b5148e74952C97ac0
259,0x57aC2b012ED5F55B2411bAE2BcA49464cA56872b
260,0xC7D3F4fb1823CaAb75E376850950A26168BaD695
261,0x16bB05f8BB0fc3a133dFf5f67E47131D72F4C8bb
262,0x066E863ec85618f0D7Bd6e23fc9505B42E8e5f47
263,0xC1449e24fbB377630e76D3bE45691b0ebC3bB1d3
264,0x899F6eA61631280d023255ecA56eC8a04A310773
265,0x16c7fE3090398BE99FcF05A840bfd3f659D95028
266,0xf7CB80ab5fF534B6E60E478B377c3B49c951BAd4
267,0x43054Af02e920852b6b54337A374Fb779470Ad5B
268,0x8d59372BbB8B17b04E890eaEAd61d2933A31EE92
269,0x233234076fcb003f0eAC8f010C580A17aCE77136
270,0x7f4d4131782E7258286feF857B549d303C12365E
271,0x370b3e47d83A10893673E89c093D0d145ed6d80d
272,0x7FF9Dc3dE5E7f5053dE07B12172641035ed35E1c
273,0xA26105D8B6fd843874eDe690548D42b48391fd47
274,0x8dF51F4beb583c777097525AcA6B8E9a7C820a11
275,0x079665CE57b70B697a41E13F52FCb6459E3babA9
276,0x7Af8084aFb4337A943aed40b441fCe64Ff6B7c8f
277,0x4cf7A39137193E95729882266721eCcA8CCa5711
278,0x707c5834b1c4D94001296a442B2C9E2a7EAFB55D
279,0xEb64C815a7E202BB800Aad40BbfDC3e98EF64498
280,0x114C0f37858EcA429cE5eFA281F04F3A427609d7
281,0x2462D75C1596d17a461e64ec5C03FE1dfa0A2Ae0
282,0xbe622B0e5377ac686C67d14fc4129eC3E9f1eE6A
283,0xe7D735c39E3E50136953d622C6268158fCf01AAd
284,0x8146a4b608E293C2895Ca3456E541AAeeb5800c3
285,0xCe9DE53619A29498833dE6d156A3B3F09C142C03
286,0x6a49cE5328f85898cC86A243Cb3308Ebc78C8BB7
287,0xfF861Cb89C770447156C1C1955f7819F17b09156
288,0x40B57882026dA18c2c45006b51F84E7FC9C13Db8
289,0xA9E9d3e4FEd4C4169e79c21a4Fd28B105A4E22f1
290,0xc8516243712b0113543E337Be1A3a747eB5cA8Fa
291,0xCC0Db8d2b27EdC41799151Ed8bC98D2f158FDE40
292,0x3A7188f040D1aB298284e211e7dB73B213607E0B
293,0x1F5BE7D889381cAe2e4F79f95233b503F555F3D2
294,0x0Fd91EC24110F1C604392B532879c837E3543D2e
295,0x12ED9E296f1C2a15f44624bA83C68F51F977827d
296,0x85564D439F6007863b385805490c558475570979
297,0xf64a36A6298aa189D59Be348f050D2d9Bd439C92
298,0xCD53DAfa42de16950F84d2800265a9df311Ec90F
299,0x2A1725A71e06134049E5363c961B7DB89031a98D
300,0x56fA8928722512F8B4417Cdf89d2D99aef16C0AD
301,0x057925625f4e0E7eedB34C2e922f321E22cC1337
302,0xF08D8EBdb5f7B76387187b3A9C60F2F3C8C1AC67
303,0x1bA2478288e6342c2eD4432765ED50C5a881465A
304,0x9AA3B54b71B68856F9506260cAF9822e23e7e8D3
305,0xee1Ee4766d7bf7156eeE8Db12b11BE6E1C95Ce3c
306,0xDF272687884DD09e29B04466e7dBFE77C925E4Ba
307,0x9dc606C75774d8aD763A4e95d87CF688aD11701c
308,0x0392215e038d2fF19ddE8dF2fCfCA56F5Be95987
309,0x37eA8c29F2CAc30dEa4895C44a86A48D69754Fa7
310,0x7c176c7a3E3bd430fd99eF26B0BD508C663eF2c8
311,0x3228088D9fb1C594D22Cf4a6A99649a100e25a59
312,0x127b5936E97aCfB0a9Aa3e07ffb6b6712849A6D1
313,0x4518f465A6f4722fDB4140EE3807B81E198B83f7
314,0x31b5daae3fa19F653377e1B7D49602618aAa4eFD
315,0xF9888661426f0664EC3aB74423dD8Bcb010d0683
316,0x3AfacB2034e67045c942973fA06d409044Cc325a
317,0x311BB7dE3b32C5b0D144fBB4D36972DEb8582298
318,0x9762e5FBEb5caC3048f64778A437072a8CfAd148
319,0x4e9042F8A4D2c6022348774ECD025c26c9464E5A
320,0x57a1592605823c6C181870C920bCFD6714bcec9D
321,0x20FFC52279976097f5923c55D46319d55AfE9D7F
322,0x42611283Df6850951a24cf536dC02AF177e88F28
323,0x36eFc634601Dcb0644Ac4CbB9553D5676EEf33b3
324,0x701DFd1aeCe377402676cbCB3Ae06f8ee09f24a7
325,0x443BB9303828f44c155ca2c55Cb47Bb6F1A3d266
326,0x24AEE4B6279C1262dd79CaacAEBc678135aBB5B6
327,0x022fF8a8EE1b241E9c51AB38F2a6f1509c70D670
328,0xB7dC974181144781713cf1a2E459AF59Afe58fCB
329,0xe2C573BC8b008830251Da6c6c5217F056D9b3b17
330,0x0435f32fB52FB8779Af628b791081aF5f2231f1b
331,0xcebacD8C59D7831cb60F050320971B7087825d2f
332,0xf6252AE9612133B32bd4eF347dFdE7be6E2a3Ae6
333,0x8EC75A4ef35B0aD8364594f5036846619aDDbBe3
334,0x1b88b6A3043296737A9569dB045A77C43693F65a
335,0x97EC79846826C18584c1c4b0eE718E36a3701cd7
336,0x54Bdc1C1F9a60165352e2DA4949C32e59f5D2f45
337,0x9bF957939eD5396FA83C28A6EE599f67bC5DFA81
338,0x3d23f419ACC32CED79457f5bd88F54c0DB9F8CB4
339,0x0142F246a217e93Bb402f4B86E7edbF481fce763
340,0xf30Dcb98D317986658dFc35ca5bDf86813A9feA0
341,0xaa52c911DA597DCAA45Bc18c3706602dcbd2cB39
342,0xa5710816603c6D432b55b875912A2c611F5AC64F
343,0xcc33b81D25c4AF838C44B1C04FFCdc7Cc536CB00
344,0x5E130a5D473C01dD6BA00D73F345278333527530
345,0xe9b635Eb55ADd8A9baE43d429dF5af79555Ec809
346,0x9253B81bE270B302ad953988cb04cDCa55FEae25
347,0x2194Ba727c8f612f902c31D24bAA94B1ad781CA0
348,0x19a220231f4c6be7Ef872e92dd893bd3C22D49CD
349,0xe2adc2E5D3A4bB574b18CdB66938fE711ca9d9c6
350,0x1b0F811394739b1d2bB0Cb3BCeB37c064c5AF6Ba
351,0xAFb6241D537c4a0145c17E579Eabf503d77f8c0b
352,0x606f8082D20be1c93133979Ee531cb376E481848
353,0xE6b1327767B914704988D7e7AfD0EF4F691951B9
354,0x0639076dF852F14CfD7cDA6Ce154adE6E63625E5
355,0x5468c5d34600C908F822da2da72b1D0ffD44E28b
356,0x508EbC5ACFA1C5d657a66385Dc2107BDD1308005
357,0x8afA34F60C0680e48526315d261a4B752e8b2E4C
358,0xa0E3a39fC42Dd3FBACad6034EEf811385C95Fd37
359,0xf24c030CbB3b81a471356CCa7FCBF7Ff33499e51
360,0x0769d6dfE41138285f7A6696aeF5D80bD68736E0
361,0x05206ce8878f4F4d70483aeE0B3D59250302697e
362,0xF1b9D98a7e0c23870E616554b066D4746dbdB566
363,0xF0b485723a1F90Ca0A4496caE11082D6774fd64b
364,0x626E02C43d74275B80cC98C7fffaC3007b8D2886
365,0x565aCccFD6E1a875C88De95d12c3ed54ad5E7692
366,0x94Cb8bC0CE297CD24Ab92352f6518649cfB94E70
367,0x4C3C27eCc994C4c1E2D64caD207a50298bECB298
368,0xcaEd8366Ff342d6f294B462479E7aB381CB5c8Fd
369,0x5315f6b56e61356464c51a6A9FA9Ed985732922e
370,0x7bcFA37b96b86caa5ac62740Fef95EFDe54E77eE
371,0xbEa97ad60a51b1aA6682cCAC244fC3D602850fed
372,0x6Cdea31B4c6B8B3c5a9b5E93875297bB20598E29
373,0x0D77e01930a3fD6644AD6C7D62b8e740Ca7E20d6
374,0x4075098414650138023F2c7Cb0b84F575e404266
375,0x22A10b0e343938A0e2d06E09a050A6fc6C43BbB1
376,0x3C92003Aa69786C24507554FfE395f0E84DCC566
377,0xfb7Ef62852aC844C4Cda3760aa7834D43839d35a
378,0x7A4B65903469D065E78A57228D4c421dC5d275de
379,0x2a19E614B1147A82259C68650e702224B1485Ce2
380,0x7b3B42D792F14057Db5D5Fc6F6d2fFB463F041e4
381,0xb8C1f2e96A03110F12dBC43c1F0B584CC44A47AA
382,0x39Da485b0BB75dcf52188b4e1B26E366369632a7
383,0x8eEd82f9c62ce5f89675C8e9ac25B93899a9E80A
384,0x944dD91295316786B6c5e1Fd40F44F66B2d91F87
385,0xaf37004C19D2B9c4D45db376d3A3bEA79e7e1ACe
386,0x41Da39Cfae37339a15Ce5479Dd990fA881CEa060
387,0xe3e9114DCa213c16AA17D3d0CD560eB77958a8E4
388,0xbDE642F9dC498B7bF75255B914DeEE4cB72F9d15
389,0x33ec1a6f3624E518857707C01793793F26d60e5f
390,0x02aFF305930B96FB1a5A418F0fD14955D1dcadE6
391,0x19bD23bAfca55524195d15B403191691c534b943
392,0xef7126DAABBF0488837fC89EF716EAb6c6f7C598
393,0xf3A87633332Ae4450BB6C9D36D61bA75174f2192
394,0xc444d6B1e6ebc57747f492df6f93E261C0BD8D25
395,0x4b7aB91B03CB8271fD492e488F2aa6754E8C5557
396,0x4883cE4819336137aBb918FaD5EBBeB14F618DA5
397,0x489da46d4BF873de696fDD1e63C2614BA504052E
398,0xE37Fb1aDA6e7f28B9dc9E52782c62ED4B10388Cd
399,0x3708218b9BC42a2ed7b881Ab3b052fd314f28eb7
400,0x6C0cfA43CfCaA1672Bed5C3DBbC6ffF1174E07FF
401,0x367E0Ac730591ee2273b742acA65dfD4B804b785
402,0x38c1fef555e02248D91660a327260e57EbFB44EA
403,0xF7852704123780e7eedbB9943D82894Ddcbe4FBf
404,0xfffD7435337259Cfa99D481d712078CDadf60F88
405,0xE0D7f254dca2cd7B87401150887082441dCd806f
406,0x3F997D0D347d1C676B91BBd173ee3C1Cb4d671c6
407,0x6949200Eb9eC5363Af2dC1E47ac087B57DE75a02
408,0x0c3C297D9CBD5ED02e04F359c93a11972A1AaF9f
409,0x523Ec801B484F5a4e0A6AA2A1E0827Acb4d9809c
410,0xcFE7e74912721b57129bdEF88B95383A7EceD576
411,0xB323713A798A801BDc7dc1FF2e6E56CB4eec563F
412,0xBd927611f7ed7D8F30230620f156682dfd25639b
413,0xf8cc1121b765e5ff7e9A8F179c4eBa037d7fdF20
414,0x563cAB6104652aD647B53D2B2E83336945B302E9
415,0x78b6152BaF462C7be5aAAA6E7A2E857FaB51DcBf
416,0x139D2DCB3DcC6D93B77CcFE4c50710B785e7Ef4B
417,0x09DCaDDB69f769011709bd89837f4F19d8E17d71
418,0xaf9f737818E3817e46D029D1968ED5110ADE3e94
419,0xf111f3110b14a4305D204DcFd91cd6C3e9a4F00f
420,0xae9150b3258AD2d8583c6e3336306B4A0749750b
421,0xbDF76cAcB95203a615A0f8E089213cF8dc347737
422,0xC7dDC097A89914181dA148Dbf215f5a0c86cFA29
423,0xD59843867F12044a40CdA3868a8494f1b752B1d2
424,0x4950e0347CcCcFA34a7A6C3F9139DC89453712Cd
425,0x9256bb7D79577E5bccC95c93FE4A7bc865e7aa23
426,0x08569eb93E0A0dE349D055DA1b8D433a72C9B6e9
427,0xc79a646aEB5D3a75193AE8d8D525A5279329bec1
428,0x6FB2Ff1f2Be4F76Ff1460b70730078Bf8112D7ed
429,0xA85F3B15d345dcb9FcaC58adF884be5584dA13c2
430,0x43593Ec005cF4c51527500CdAc84582E195F0310
431,0x7336cFb8401d8af9Ef2EB421e542df25C2278072
432,0x85e1ECAa225C3aea1A319d1f55D6a1dd274dF10e
433,0x2d311E485488772D5463Db54CC7a7692CF49C4b8
434,0x1697A5Bd6F02cf3C36B1dC12A3dEc509819fD78d
435,0xea856d241eF0D82e7a8F1538D143800ad04c3A7B
436,0xE3112780F87CD440153eC4D5683581157F102176
437,0x79a6F0Fd7910fa18c27D1aF3b559b47793C3473a
438,0xCceff2Bb174FEf2000865f157658855560257c55
439,0x5B469BD26206BD027D893dBCeaC811e9ae48b740
440,0x0d8d086dF80498047cC838ddD61213aFD9129513
441,0xf1749A5c2eCE6ec0B372dE6944Ab264A885B14D2
442,0xeFd948DE215cC8E4d73558328E7f9b91d94fD190
443,0x45e923b9Ae142317EB2B6B7339D0d5E748023CB4
444,0xCCA999afDb3AcE02Fc49Ca13EBd0f0Eb31b87De3
445,0xC9Ae22033240c87b7B818D47f070E7272B53Ea24
446,0xf3e5dB15e9aafa2ee3Ed7FfF0aa5896fCfcBEFAC
447,0xf83cFdc72852E98337962fE117b5C249291a6ACd
448,0x1409F4620E751c098D24B9d9a40802c13bf8D18b
449,0x8A516C3BA6700ef6060C3edfaE6E69040C823528
450,0x3f9b5D943c20EC2532647DDc19Da7731857D0a44
451,0xa422253523Ed1777E9DBdBad7B19613cE76B36d8
452,0x0F429B52b1A1D7802505f3d2E9e25EC819b2e1C9
453,0xc3E094bd4C1Ce35928099A6E162F53cF11390C64
454,0x3576b2C2cF1b57fBF11F06085a648f06e4850179
455,0x7F699CAcb683c61E363C37D58Cee4a9652257D21
456,0xbE847D2827Ac7233D03bf0F3081bAe88A7000b1D
457,0xd40F45019A6B55ebd83ffF13384a0162809dD193
458,0x4c9511C54fB5d9DBe8eee34840c209761a2e7aBA
459,0x260E06879E9fC01663A8557f86bFf4E9b882AA9c
460,0x17bb0852b03215424eF5d46D467397a83d5656D3
461,0x8478C17c20bf71929eddDf2Ba7FeD904003c9AC6
462,0xC5181E11cEdC31aea938fe13730782f160ea347C
463,0x10A7783eE263792692879b2951862a04e661384e
464,0x0ff329014B1c17AC05c65277C99BFdc2fd248a2F
465,0x81fC12FA8b580bE8472f3Bbad5beBD028AAbB260
466,0xEd051efB0E750599EF2FF2665DCb6f7EbC526681
467,0x362c9a1a4dFEDA9f7F4d6c57EdD42A555B8A70FD
468,0x1068ABFB63647d2b6161faFA4475E73307Cfa022
469,0xEa729b8b0eBFbFAb9D0D1e9692b1b8F2b5f01E73
470,0x0D77e1e2Def600681D3315BfE0368D91B49fc671
471,0x205cC2ca7A91a22CBaE118795985A23257EfEff8
472,0x2853753AC44999dfaBD2B71929eDE522E8680EfE
473,0x451bD2CaFf4610CB7a1C6583377dF2E01A34dd2a
474,0x3D52a4cBF89d2a4b36C450de370fDa068fe68A96
475,0x3D82c46f4981bf6e844E2CD04c3B503E9CBa0E08
476,0xB74816A3CA8ca35d4E92c092948BDF3EA58E7eBE
477,0x5bEbf6ec9B7F8C52b86Fa9D72a22E21DFc5eBcEF
478,0x7a4253103c5aaa41460a4d13658e8D997e1A0B98
479,0xC382DB5FDaA797c27A803E3715b29Fefc47ceaB8
480,0xD3bf99872461A38f059df28e3e9d2A98E73e7091
481,0x2Cd0D8569Af72e5664e558f8850C1730A3f15D11
482,0xd43eEde47fCb265B8C05987250fE611377efBeA9
483,0x70AdF0820e0c8f9974D1F84379ea2ba3d6A6E3D8
484,0xe9bfF11c17387D91F891bdA9b51755971b7c3207
485,0x9C98594C1BaF9C82BACCF45ecF4832195BAC63Cc
486,0x356561F6A8199FabF9635589bFe239A6814DAF93
487,0xa303cA92d832e24F11Fe46833DCFEb01c377A56E
488,0x5Db67eef2bb032Dfff47541d88a85399955Beb45
489,0xFA3577b5a088820b54FE07A53eB86cFa0561e385
490,0x86a1207477d397A86d5a6349b8c90716FccACd26
491,0x3004483370CeA2e57C19D05A6f4650945E1121bE
492,0x244eA8E745FC9129E965FfE9b27351030271C050
493,0x6fd419fc60F95C78E82DA180894Ae886C143e6A2
494,0xFbFda61B85796F93f99D44e8e56ec7f730B43771
495,0x3153aFF7501bc82c8107a8bA9E5575Fa5523c7eb
496,0xE4B78bDf5e14fe08764963905054d04A7143A8C7
497,0xF916188a51E98347fB5FF24331394cB6f490d2dc
498,0xF111017459C760cf762CEB602Bb31b355f73AE77
499,0xD27F69E3A998FAbFaa755205329071987F4faB81
500,0x1B1d0A1875Ca2A05fb751d4f7d086adAdd57161C
501,0x2A9F9958C16Fdc27d3feC7ef2C5Af9D5cB621Ae3
502,0xc1A842F201616Fc7a8017b423AD7FD4D47CC508f
503,0x325dC0942987C5913FB3A627238c4fc5049af8eB
504,0x070496598dBEC4BAE4e612544E06a8C80b21b219
505,0x4Fe83b533Bba13E37B5FACDd06Ea6C65b7315168
506,0x991c0DE743910c1fad4a2dF988D3F1E42826b8df
507,0x9F46C18766Ecfd978aE4E7fFDa5c01C8d3a2BeD1
508,0xdCa2436c47A16adF2E0eBA3fD0dAE419021c2078
509,0x8B5FfbE46F636F1bd946235d8E7aF27195f6010E
510,0x407f5b6B6EF328bE933538807A7ea8953a84f7e8
511,0x75B86874b263CB1C3e72Ea48Cc4004B5f955114A
512,0x04B32d917BCc4424038d230B46056756c07f3505
513,0xEE49F2db1C772B632CaB54aAD5dBdc95526Ad664
514,0x5088B615B678136B73bC517b39848Bc7E6B8DD31
515,0xc6743ffB8E94cE253465Ddf61e05a16e80116da4
516,0x082272aA873097F4A63c49c8d109E0aA12f1e87F
517,0x61dF92985209cb3a65e6717ebD73c75CE4c815E7
518,0x24007cA6F0c4b8F4a66cB9b1C92B18021DfAaDE3
519,0x8C67a1b3F6921e2566FffDC4adfE1eEf9b5A6c7E
520,0x12D601743AB9648B9131F9dEfb568C54ce8651C6
521,0x949899b70a552457e1341A930660b360EE2Baf5b
522,0x2E192b4c82156B2bE7881BBE056e55765290Cad5
523,0x7945ea8921B9ff32bC7857d3D100b00b85E78A9F
524,0xfCa399e41DEB0cb96a84B22279Cf9c694A14231E
525,0xb425237e962DFeF671FE778cF4758a49468DD206
526,0xD3CF9bFc4C0bc09C04F17A9609B6Ea2C87cDc482
527,0x342017f1EAd763c542B11AF732e890e61A3A5f4b
528,0xe2B2B2Dc0390751f275069D6b4F4753a88Ac16aC
529,0x9C53a33fA4d78D97C97b0E95298C2179649509e2
530,0x53ecda9B3c507AC5b69B017A01Df97D2478AAA8C
531,0x60996f9f6a9e2F997cddd2FC886eBAFE5c6B32A1
532,0x3D89AEbB261a34EEa6270828A916708686aF7646
533,0x6A4Fd24bEDfB068F41987f7393B622E4b61Dc176
534,0x0A57cdd5eff534f419AC7829c171b17495E66B1A
535,0x8CCAcF27dfbCCdFED93d647FF8FEa42CF2cEACf3
536,0xd13A49dB5B9e92b1B3C58FCf2D1c55DDAdb8E3c5
537,0x4eC24444dD985f63C4B5879B9D436d2F3EA48191
538,0x9e5270B98541Fb01f923621349f65403892F05FF
539,0x4EABa677482A3640FfFfCdAB3f9DDf2431533b73
540,0x0984fA9bd7EC456f3d7897222FE9A903112BbdB8
541,0x9c724ADb6A35136dd4387230C846240d35FB0d3a
542,0xd77cdabb5293efDFC5145F771bf2ADbf14F11d6f
543,0xA89fF32672e159572511387cc2e1ABb4680E66e2
544,0xDCFa4D11ebAe78B248804a0323Fa9149BeCAf2fD
545,0xd77bc04793B6d28b7F9B81d49591E8a26a32B4d3
546,0xefA31928c87f9E0161388c9ed36BfeDa737AFA50
547,0x31e19E0cEeAF53f6cCfF3359d7595969F205f486
548,0x0B4dA890058a9e2f69193506E9467032E7C3b5b7
549,0x3e2aE84b48f6A3AD169702fF2A819f0934e79185
550,0x55cd1a230D52Ad63312980Abd16F44a5aBE17b41
551,0xF9Bcc8b5b58c1D89Bbe8BFA742828Fb35165e6a5
552,0x3b1ba9177FFdBa259969AfA27326734Aa8D709Bb
553,0xe6bDDE8a679bad956448e2070cff1F2b94577a18
554,0xBbD657d1Cb179D2FC6F7F9E7754470d918D36962
555,0x183ab23eafCfB8dB1c4fE0a1fb2B987603958d07
556,0x064D065351305EF23448683BF6b6c13E0b2BcF33
557,0x4F882ec6008215d070f845003E3d6D51Ac45E14D
558,0xd12C593D3bF0F95732c80C5a9Cf5e80B6C85a7F5
559,0x48C1b238bCB80074Eea22201C1C9F827403B8C8D
560,0x098Fb7062eB2D1a38175d6D5d443B58684A74277
561,0x4654171eDa9958Ef4D57fB9cfc5De4E07f5393E9
562,0xDc6cD1d010c1a307763b4e71f41fd0885cb909fA
563,0x03e425A6A7497A2BE46469fEB8b29f97ee206aE8
564,0xae04554Bc8eC08D49abC0CB993F08e73aa3B330e
565,0x071445C7613DF1Fb81E152EF653a1450d1156bAb
566,0xD87f53CB662b559dEBEA9070498e0ab009b694A7
567,0x68d3A87A30365528fCE488B322C6B884e0b86287
568,0xC534d32dB6D9dBB47e394817BA14fF9A1aD0e6E1
569,0xb7753D40A2Cb0e5b8605Ef6EA2aD2d9050E487f1
570,0x3D66205416e885D4901eDE88fb4f3f569E898E17
571,0xdF45B7b2e4d54750FbD79c1EDC2f816371E85b19
572,0x011E57635A1cC7a7F91b9671d9dD0983eD27c98C
573,0x617943e97148CEdf4557E0b343d9bd503ffC5A3C
574,0xB421E07835A52fD750d14Ff77F2cA553431b9F35
575,0xa282933C31afDBeb39b732C508B2FF1991D632Fb
576,0x50823BdbF2dDC325F16C2d30d8fc0075b915209B
577,0x955D618Da4cF4D6a38796991c3457594F43CD2cd
578,0x41A93DA039425CD59cD9B9237666b26936e572A1
579,0x0C6B034F9216D7e65Cd3A0051Dd2Ac5cD94a7354
580,0x2E18E83CDFe5148855Cc30c3dC5A2C8F94Af5B91
581,0x63f354C9Ba48D238A0e6b274d32AD3fC6dF32485
582,0xA27b833C9466bb12A323D9b2D9BC0d0b05045D94
583,0x4D09657e08E11093aF437921Ae9bB44302F8a704
584,0xa6446D429B53f9FD7ee80ccf0725dCe5A05399dE
585,0x1FE8C2C436De08f0ff685e64b2B0aDd5f0ce7589
586,0x6908901C2034e802686E58499e05c6fC4c146522
587,0x855a45CD96e80De8Ab06237C4bbc27a37ABb8cB2
588,0xeF6ac45f1fb3ba373CD71Bf613dD9f1A016448e8
589,0xeF5AaCC4C5AC9E1802Fd9eC995e2843BaCB01aA1
590,0xb4887E920C854B0dD2139E89ecE9EC217ba53F8b
591,0xcCae6cEE42e9A6431882Ed7b4b0fB6aaEcb84fF5
592,0xED470FB4AD443E77d0eC94DD7CbE9b6077B494b9
593,0x042ab677B35aEF17F1Dc8a541F27Ccab169EF794
594,0xaAFAD7eB957e81fD37B30B2e164E5a5E352F622C
595,0x4e2Eb441dd3Ed836B40eE205643eC6c1FaD4949B
596,0x81D7Ea03dE6f33e11b2680902598cf5A5Fc887Fa
597,0x3a39816EB6f394BEaED49D62c0883B89d632b999
598,0x2E54595f95bDB71D656890C895c6658F625688f7
599,0x857773a0eDEb4Ad7e9DbE8BD8B632FA69bFe8b3f
600,0x0C0a5B29AC21aE62Cf0C3358d4CFa7212c86002E
601,0x29960E12B31eB9d301894c88458b2746f0B2cB2c
602,0x647a271191abed8B6844E496725E1B103CCEA2d0
603,0x8Eb6B668a9DD574ADF2290787Cd97F06DA828a9f
604,0x5B0c96139c3eA76b20a7FA9b194b7536d1550c48
605,0xe243BeB5c465b98DC6C26DCfc56584F724915291
606,0x75aF472c515DD064244eB267e8F26F002d5F1cB6
607,0xc117544F69C2c2e3D168Db60Aec22750ecB61b1c
608,0x54f52Ee7D7ED7f02d28096C5c90445Cce1547319
609,0xAbe10A4D3f665c11D941cace3C585D3c78FC3c0b
610,0x498fc460C39F937C9A21175d4b919C0af7630388
611,0xe2dE90A555cf5942e9Ff7ed979399A1Ef7c3d202
612,0x9CFBcbf0B87a5239a0c0bc297439e1302B0794Fe
613,0x1C1837719f7A1fCdC5041053553D7Ae689CFC25A
614,0xC92dA5100c02360284CDe8283815C5dEb8B0b03c
615,0xCaB0b318a25EcD74D15A348C74F50D409e4B9e43
616,0x6A14B0eef2b141D139409C369A204801bA596476
617,0x70b89d96d9172d29293c1fbf5b95c89F41475697
618,0xD9d95BcEB56368BA6bAb7CBA6b7903431FF54FC6
619,0xC96035135Be98953Ea425C096203C3a6C8a269c9
620,0x19Cef807E886B9e1573F7795b1cfb6e4077c2d99
621,0x5d9B616631ad7E21202eF5c95fb195Adf65e3Bb4
622,0x4D71115A24a010C9216bCe124a604443E8ABd973
623,0x0D76ec904504a60f1347b7AF5Eb13F48243E0B00
624,0x321456681D12418eC9907Cf3457Ed7d9D5Bc75a2
625,0x11F8005b001D2c8d495581Cc0a498DF4933f7405
626,0xa461e260b5695fDc62a18ECc96F71351820B6277
627,0x6AdBAd13013e8241e496e96D4761aD50415A095B
628,0xc1b233bB198de87D6bFf7dbcdE89a1948a518B52
629,0x9AAf4840F0aF77eDf694fa991472c1aC5937d4b5
630,0x86CbC3EBb7b9e5910418A75757a57887Ce4B8CFE
631,0x0F202E3A0ad99a9E37Db3BEc0c7A18d3F689AB53
632,0xb21817DCb1082a7868b85a66Dc13CF1Ac25FbfF0
633,0xDB2e4c3c22A2de75014828D996024C7998C34cf9
634,0x9AA98dcCCdD8D346b3c5244C20865763DCB1992f
635,0x1f1c73765a53f68Afa826b61e6cb6838612E2a54
636,0x14554117449E735f7d38729b714B7d935778E55d
637,0xeE8ee5f2b5134B4A4D346d9569dcCEEdC847AB3b
638,0x24ccf63D1FEaa3a83948dCe11f4C8F9932C60dDa
639,0xd7dA74eF3f9300a3cbF681505269bDe35aA4C76a
640,0x06ce9Da244EA88378C6c6cbbae15158ebFb94190
641,0x2b9A0d7925fb582b48A0151d3110e5912561F8D7
642,0x69604dC1234141436bFB2bDE2a316c04F1EC9189
643,0xEFf61Ea58eE56AB3AF046D639Ad753e817bCC4AC
644,0x79855ca135A16f60476Bfe9f4294706c49434811
645,0x272A0e524b8c53802161864FADfd70870cfd7354
646,0x369727031394B182Cfc2dC11C12C8cA6A783AA25
647,0xDeBD29C75C175d0e494404c5100Df69F7c708DD8
648,0x3670792d3994eFD4874E34628BaeFB4f7e2886D3
649,0xB9445E20E61C870265Fe0CFFFc222483EF4812Be
650,0xEb1c560eaa7B2A459D6a8D889f07B0fDAdD25AC7
651,0x991c6f81FC5527cd37ba71AaA481c7c6Cf85E9C9
652,0x377d124F3F89BB46FA3E2ABa0151369915cc0dC7
653,0xE1c5DDa11cBBb8a4C03E7fd90Bd62480899f58c2
654,0xed79106D72E4A8461B5c066C9588E4aAAeAec030
655,0x4E4DA04bCcA47f97f0B773AfC095059446Fb04e4
656,0xCf0Fe2a8d31f3e9B355b15E0667D8dAc9534B709
657,0x69f19fA8F4722Ce38f117a080C26e6aB3513F32e
658,0xd0CC83ec5B621eeF98eD3A5619F2E048408bf3Df
659,0x8E36276cD2ef952E8c2bBE0873E64A1113527dE0
660,0x509E618B78cf5A9e55C972328bE82B7AD6378D64
661,0x46416DACB1013d82DFe28D1AF603f8867d998FCC
662,0xEdd13a99F14222cA698fff3088b4DadF23215028
663,0x0D9788f70f171f5FC7c9C2FE7C4d90f7bb155F47
664,0x12b7AE822DFD7FFb47355d5226e1fBFA0BD1DB2c
665,0x933061C35980230A06dBA1c8Bbc35670563E043e
666,0x543e29f0e93d8502AD9150d8728244f8011e0eA1
667,0x90B1bDb24af6BbD64Fff98581235657414E94218
668,0xeE1749441a1D4cF555Ad431e8698d05e6832E5f4
669,0x27EcA37e85da74ef00F88a9cD1A372d26736Fe6F
670,0xb28d69711c6444A6aDe6D5eFC564fa6105bD8Db8
671,0xb5d8989c7F873fEb58B93D804445c90d200ce5Ed
672,0x22354659FABC52779635B837792e7626416e940e
673,0xd69d4285f2E489f2120370c04846039b46C125Ee
674,0x3841a3a65eBd17fd2AB3Eb9Af90B29c7A765Ef22
675,0x57F7B601A24913ff47fcD7f3B307796b535e7c81
676,0x4D0ed6F659bA84D8582C4Ce08400B65B3Bda8c32
677,0x3E2685a6187D36756B85FA22cb1F6dDbb0962bC5
678,0x69408bE19ACa2eBA7f2De3E0Fb126F5410eab035
679,0xe124d46D0ff944A89DEA85Bc69B673D4d1FEc78e
680,0x11E050D5c86886f656E954246669E0B8E541517A
681,0x9777c87360F264c5a254b96E70807743E0CdC9e7
682,0x34b034601E7113F7e921aa4D18E3298028aaE68A
683,0x0Be750cf8A00E7cB1D5B621a76B2cD7f48895304
684,0xe0B8b2c42DBad3b70b9d7b9E0a2B0eCA7F877b55
685,0xA8106E902A07824b6e27b6272e50cA73B8fa6e1a
686,0x2Ecf711D7Bb40BAAaD3479f8F570cBEAd319bCcd
687,0xAD4570a468E11f06dc8d4ecCd9F8d1F2E8309c15
688,0xe9aFb56B6CC4dA9Fc501736ecbFdB602b3d7C01A
689,0xa6a11343C03D3015757e26aAF04C9fE6ebBEd689
690,0x95a8E756b2e736aC16d56721B21E8e7f5127cFcb
691,0x81877b745631e39810BD5118bF8dfacf5dAA27B9
692,0xBbfE76fdc98ca91F87Be0A595de22d29fD2b69d3
693,0x738573d9aA508637DC47041c0a90EC68Eb90b29D
694,0x404b4613B690eDb309972470C2CC599Db4bdAE0B
695,0x5169c8F511E26A24017d9e39214892c5b6772796
696,0x86AC0a8b841e25630bfC4a456E58eCc2E6F1ae30
697,0x7EB86Ed070E5C048119a6d7CE95aCD319E9Fa081
698,0x3b21D19ad1120de0b419ceFfa1E8f538864DA1A4
699,0x577A930f17af02C2198368D17d3417301d7A9A39
700,0x5fb19E02bb3342dDd8E4e716976234f8c57C0D19
701,0x8a15597835eAAcE37AbccB200eFC7ecedA25B7dB
702,0x48b615c2801AaDCD32f4C7DB16F581BC9Ee431B1
703,0x4DC12B810208Fcaae1613273957B5b8f17Ef0727
704,0x0750E94A64ee1CfC391D54E7D944e88e3f691bE0
705,0x319e5943A28BbDfEDdb5283554222951FCd68ECf
706,0x227Bd3Da44FEf783Ed2e1490D4e751F41622deC1
707,0x36494f2Fa14F896386C0B1d7F207B5662188bef0
708,0x0577e03e974f486a636EBed166991921dD648528
709,0x84af60af71552d503a7212bCF037c1ea9b5934a2
710,0xCefa26672C479133b7070571418a59fB68Ff3ec8
711,0xaC318404f5e110E63648d9992D8300B18C02BBe8
712,0x651D65c6D1453c26B76E7CB885f9c51cCaCCD308
713,0x8D554991b7b0e8Fb712d94cAB706CF17194299Fc
714,0xc4496318389EeaFc18335FdFa91b23DA7f4570A6
715,0xD32A57a2221753becf05f21e0C84c2FE8ef7C762
716,0x3683fb58D69B1B71c080C6a7c59b62337e27D142
717,0xf800DB97B9f9eE3AfCFC6D237dE56dddB991EC2e
718,0x2f77ffc2975f680E5B9FfF2f39eFD08512eF5876
719,0xEf0DD3090EF5334338dD37F8f570dF39e45BA21E
720,0x39aE8b38Be06094b6EEa56c0D5eB873C11154c7F
721,0xb5B860E482440fdfa26914a5BfEC0CBC3443737B
722,0x0B1E01021e6C7f8a095bd9b401dA8f1bd00c2427
723,0x6A67E220FFE2ca5CB430f221d1e9742379127422
724,0x40D9609558D6e5BD37e2d6E9Bc22f39F9e393187
725,0xf690C4A9141C8499423d69BDf8F415d541Fb73b4
726,0xaf0De47a5fFd9736Ba42c9b8C82C01A412605533
727,0x05a3ecAFE5D31fF57f2dff038bB67A1032Fc4Cc7
728,0xE6283AF1855e92b0b7Bf2F7766F39D21EbB30885
729,0x9F651500d78A59Bb09A5b67dB80Cea8a9FC9F2E5
730,0x288Fe08958465f10eD4420deC065CeA2Df44D476
731,0x2E335763015096A2d2Ee32d94CFaA5DC1d083B8D
732,0xCcF8F5d541CF7d34943565B2c9fccf18428f898c
733,0x73D2aa9D2a6b5F9098708230eE5F88bBC264E48f
734,0x2cAE11A5b04F2B712FA3090F225625bD35A61625
735,0xC81190D342FE09c5961c2d4010b86704947999eE
736,0x0208F481fc94F99a7C47f290fDAB429Bfd87F3E4
737,0xe7e541AA2abdA9dF4B6221d76946672Ae77DEbeC
738,0xB224f00Eace51aD2B6F25Ee7A4A2ec410483dD78
739,0x90be7B67a687e373bcb58f9957708A808a273bE3
740,0x8B5C6fB3338EE91134568Db1163623435EC4bA41
741,0x68e47Ca3Cc32b19123f9c2014E51A96b10D75820
742,0x58C9AB02CA8D481d17dFCA68649bf5B9094bDFA9
743,0x97387119F7c5853398DB5BB81D95AD58EA517Ffe
744,0x3613b403e02053b4E6Fca92ACF9146bcA31b392F
745,0x06076269be30AdE9a69Ae7d5673BCec392B43a5c
746,0x6351C9D84F7c4206275f8D744B1fC6816758C7a2
747,0x14b99C96B8ce0e9c63D7247D9aD5bCd96f0B1De0
748,0x814580D1eFeaECb0220724183B9A5B4503341C77
749,0x340a5157ABA537D9322DD1edC723262607E2c6A4
750,0xa79a5B1BFF22dd71266d404CbC4f84D2546D5e74
751,0xAB3923c67e3307d66E1e195062F3B77Af509DC17
752,0xBec107d4750259a36Dd6765C9900e83Cda209566
753,0x40052459d5D5306CBa4CF2D55822274D0Beb30Cb
754,0xEE7dbAAf260594aA2974B413DffEc327Bf4F3Fe2
755,0xEDf67bbFFcc5ab5C3Bf7786B3348df41CA4365b3
756,0x9e96fe3037e8506a6A8de7D9f1f1c2EeF376da46
757,0xEdA60c577C34bE2d5C052531C19F0Ad1871Ddae5
758,0x493BB1612E248729f92609d6B2EA6b87F20367B4
759,0xD96126B296d75Eb70a9aE5325ef69C43F93fE218
760,0x5F371Ced2AE524b8cBeB09347b2BE2CC07ed4dde
761,0x0Dd336ab6ed7e39844b5fD03AEb4bAB5C86c5ba5
762,0xacFf63b216b0AF987f2B0aCd4F60e0829576693A
763,0xc5A1663166696657570b14551b7c46F819999e36
764,0x31F012E04275125fe138b4797409ab1F5DD9714E
765,0xCf46066157B016711A2bC7e9131ce3CA28069DDF
766,0xBF76bAb90b2374372941Acb90Bdb64913EF9640a
767,0x76075Da5229d59c9784f83B0E2985892d96FA8d8
768,0xc5e3a74134FA01846b1D7b5cb010777A12D44625
769,0x1dC1383B62F7658D0378d3FF1a301e4581704A50
770,0x9A6522e4310Ce5AcbF1B1C5E46dD7f0e5E5576c0
771,0x7340BdC74c97AE91a53CeA7A53c10b8ed94DE60D
772,0xc6030041c412763Cba04B8300E7Bf4502bD2310A
773,0x9effDA33e0719DF609dcbeCDa6808e28614AD89a
774,0x10d538d3f293d5988Ce288c1fE9d90647Ebf3C79
775,0x074be468B6C5dd58A8Ae41cB25B583853C36d340
776,0xbe646b1cB9A200670287F51Dc7A0B979A6A054fA
777,0xD85F7afD183F7e62e8E671c119f750cE00E9A06A
778,0x7eb494eD96f8B66652A4a80868b2a126C8e7Cb4a
779,0x2Ab973Fd34962e8b70a33b0f9B1ffD6E377Ffbf9
780,0xAF4a4D2a9cA5d45229f5e689390F421Ed22aD427
781,0xa9A008a6E390f2e5100013c7c434172eD4d3F880
782,0x9a0f1e6D32547cfd18d557c40E907B1Df1704A92
783,0xFD8517E5D9c163dbF8e848cDfb9aF61037f3C783
784,0xc53cD49B3B94cA0e18325Ad6e4170Db25418dE4a
785,0xA81f0eA2bf89D891833758932f14DC2a3b41245b
786,0xa516bdf45aE052Db26c7e943bdbA699863576402
787,0x2dD4880289043bB2C4E60aBfb79d93EFF45FAFdb
788,0x2259f35161B50a95af24d69607cA8AB7d1F369d3
789,0xa37DCaF689EdeF58671eCd545E60Dcc4aB63984E
790,0xdD6d5B38b9Ce29AEBaC197BEB7cf0521B8960e33
791,0x72d5cfdA428aA1241148051D28287e70f665B9a2
792,0x08bC51e1cd244D90f48A5Fc154670c4585fe22a2
793,0xFF3cdFF8D6909Df15dC7E0fa24CE5ecB3bc6BF69
794,0x89643533Eb897EFC5bC668c7ED610C82aF038602
795,0xA19f03f606E20De3f0a7749426448874Feb183DB
796,0x2Bb951eC6C5AF103836A9B4bC71A71B1Dcc59570
797,0x988D29e10ceCf942C8424294A4a7E059702a3Be5
798,0xe7CcCDB89ED7c957F6AE6FE177f63A05c7DEe557
799,0x044EbCd1df38599400Ee5Db7D03A2037536fffBF
800,0x5992C1F7F3dA24481f03aF7daEa8e21b2daf56F5
801,0x4Cb8306D4F36723920DAcaE82466455ba0829d9b
802,0xD84fb92B9eF31Bb500363F4920a980CAF226Edd2
803,0xb71Bb8a4F84fb489aDA9D979170593648C4FEC78
804,0xc7864A5a45F7B9A8E2B9C2A402ec1BDdc7308243
805,0x481b77fee627Fb67524404dC54de2dFE09009Df0
806,0x4924511E39EfCa5Dfa7455785d0f1c9CD138f0BF
807,0xdC9ab7d9659f7C7464143C47E519b44b846ee101
808,0x8dcfCC100d77eEFEFa2A482BDB7cf537c3B0A43C
809,0xD34e522fe11De0126d1D887f42ffc36B1461ACAb
810,0x0Ad5C8F5213083F73fDD558b0a888454FE300876
811,0x37862f0DE786eFE16b05690650a4f42D57fD04A3
812,0xD869e9934ce93a40F0186Defed756A0304d8432a
813,0xaC1fa3dE7a00f1893400D2c9A4aF6C1D55a67EA5
814,0xF4c963eb841e468a7Ad2C702CDC7F3e6Fa62ad53
815,0x348B4f5Fb899a43eE3Cda010262fF76F7Fb0aF9D
816,0xeb6AD8f2B94B5BE7a63fB06794A3F1fa452f7241
817,0xadACC27EB549d93B38c66c079615f11253a73e27
818,0x368B3C118aD45273211ba9955CA6Fa6195783070
819,0x44B41823Afa28dD2B40670F9f1D62C28a695D5B5
820,0x9792b565DBD96985D112b97019874Fe146e738f9
821,0x0e6717Daa221E21595625271e1fc60533d25058C
822,0x3e454b8216a8c6AA75C288dcC39B8a2EbE6Cf6Ec
823,0x3e027226C3d13DFA97fb053e26A04Fc296c1f19d
824,0x6868506F892CcB46641BA9B6b2b2457C68A9365F
825,0x945D228367a005601ad87281C3d98B47ad09dBe7
826,0x5dAF0a484f07e7cBBd6CE673a895a7a99dab3d9D
827,0xd9b80666bEc35D9A10bbB1E90d1c06a0DE0501bD
828,0x9f4cD3bd6e1c2be9943DaE145B392E091632DA3D
829,0x6f04Eab774D437757731ab90e27B3Ed8e011b674
830,0xF9D99E6f21b0571E9613438BFdD5AEbcb064a7Fd
831,0xa8f07e2856387E9650B40561190ee5E9f7501a9D
832,0x66E176d6D30FCB62d7Af1Df4F87e3B3f8e880b5D
833,0x14EA19c03cc57C82D52E7c0d39DC14722AA26e9E
834,0x21F882377Db31C89a63bF7e4fF0B1e9Bcb34C88b
835,0x6600F0081f4dD364c9649b41820d33025Dbfa935
836,0x6aDe035296df4E1D354Fbdca2E337142476695Ff
837,0xb231D5458F9a66A2813e735F43D02f6E3014744b
838,0x0a5872e471788445359e91a02e94bd410AD3c8Ac
839,0xC0D0FFE46C06F5Ef6f9212E0159E752fF8D55b4B
840,0xA3D95556610aA7F2CdfF2bFcB5F6bc3B3B0847b7
841,0x9348c970C5cE0e39d4Bc1292DB3a72528c75f6A4
842,0x15CeEcAAF3AEB587E7CD98E7F677da69E85B6C80
843,0x3Ca61F4D8bc6e08107724286617Df5A0B178B29b
844,0xB021d0394c2519f7d5c7676bC6bB44eB1CAc97B6
845,0x38Cc84142fB239d361f9886A4c3778526A5183C6
846,0x8752B288390D2FDeA6FDFC5747bC1E5B6A0FA4f5
847,0x0CF19EA17b4FE0fFFf01b9679f8d392147954eE5
848,0xD803C5093FbC9358ddFF949Aa8c351Acbe37d6e1
849,0x9157fFc0D6BfF255257CA4ffa9CFD3d1534963bE
850,0xBf671FBEa2C679a721FAc3445e15E266768c29b8
851,0x3500324B2a7647A249E80b8ae2c569b1805120C0
852,0x5f16B08DDdDbce61a6806E3535841B8f3E295866
853,0xD51BdBbE8230cfC1E6F66cF3EB8d1102240E98B8
854,0xcA3653A255F16a3D7613cD6C2cE53cC58afE7ee4
855,0x6581C701c90cBa1C24aa118B09f0bbc4B2E0051B
856,0x91FA4c083F429c4d6bd80d7AF709f704C6b0D0D2
857,0x60dcE06e088A3776860308C047B9979844499196
858,0x2a0F8a240483E9818aE29932fc792693C544BADD
859,0xE3ef99263a639470c9D887da8d27Fa00205c798d
860,0x31c0E4e3CFc561b05a0013883e048f70339bDc31
861,0x2674A80f30A535cEA48f2D94350aD1cf4375A3aC
862,0xd1590CeEA6a9098C43c82047681B6bA4029cCF1a
863,0x93796FD1DEdB0F21aF57Bb9548D8625BD8302bF6
864,0x96a53CEE80b69E4EF1352Ab7e7231B356e4306fB
865,0x60774AfD5DC0d6b9A0156bE71109d958E1dD8ED3
866,0x2C8d0bEfca2EFC11A7F0a132217ee7A68343CB7c
867,0xCB3E4f12BFC4F3E1Ba4f2264e5D6EE1aAaFCee30
868,0x18eB76847A331289A817a13Ecc1AFa958aaBa3fC
869,0xd33C93277a9a08698E0161B7089D169282C900fc
870,0xe177eB7e42dCA1BAB8335d5EFadF4d0C94830354
871,0xc7f0Aa16628c466F5D96a7CF25364707E6385fef
872,0xB92f1ED510e08B649907322f6c720C1191ae41AD
873,0x5AE2eb3189bee72CEc43745f16DDbB35bAe38D7E
874,0x5d0b6aD19c403826361D1AeA63fbdf760bB1E1b1
875,0x4ed18d8E96438A52236CCf10EEe40af9A363ED5a
876,0x4e010939a04ee2731AdAdA826af0C8665C33Ff5b
877,0x052eba74b540Ba13D56bAB0dEc7BCAdE983404eB
878,0x30d0B5CF993143Ca312A329ebE2c2BAa7c48ab3c
879,0x7ed36abd068CB1eb100c75eA8578c33aC38326DB
880,0x6eC02780608df8c8454228f06D1e168c991cF9A6
881,0x4f94565067865484dC36D8b3Cf0943A98F3D4053
882,0x594735e5FcC80FAc3B41EAA9436ee4Ff7bCd8237
883,0x7E560f4F3C95C73e47bbe5931461704CB22827E2
884,0x30342531C170ae1dA49b8216b7C5fA092cD323Ee
885,0xEDABb07c9B868dd63B1BD747E0b9867b2d0f6318
886,0x95272dD7929B876edf9D88f986A843702D0EdB28
887,0x77Af82c92cEC1cE24e89c36e3bf3476AD03AEd17
888,0x1046c9443755b9974D2C250650a8271eF0992dFA
889,0x611CBbE71C078E6009789b16118F26D3B390C2a4
890,0xAC67Eaca795c9B0fa6fE83D9B1De7FBEd0c02EFc
891,0xE338d02f9fC2De304D69d656187e0B945aA378E6
892,0x2CCcB9d0375d21aD1c61A81569c3a0f5A284d9Af
893,0xedd5C68fa11A68F9305964B02E6ad5376AbBeDe2
894,0x3aa844b4894F3D3d5776598ed0a10d9F6dFC90bc
895,0x18BC33440F50C20a2b8ba8b145311084B6B0F56A
896,0x2707B815FC9B3B1fcE8308C178a1f5F3C5f02ceF
897,0xAC2bB665903cb6667045EB78f8B7E00f8621953c
898,0x7fFfAEf963D87C4BBb747cE520FCE364477f7A58
899,0x92b441684aF6249685C669349378ba829050F818
900,0x323776A5412a4EE38211778836d3903E4D44cDa6
901,0x8D8f2F72b73417d58F1fceF3E34BBbD7b03eCdea
902,0xe04c54ff5CB1fF45208555480CbeD2636C1D90ff
903,0x4DEcEBFF8e70514dC1Df0cDFFFAe3848F09928C7
904,0xF03804C359A9Ee2d7f0547cE3FeD51c9A4f91be4
905,0x0e3C492024041841330D49864ABd300037eCfCFB
906,0xcc3951CfB3e8B69b5835b81946e4af8Daca786E6
907,0x108b827e6CCA2ef4420d22bCc5Eeb10E4087C3d3
908,0x14f9F0412cae90a191D766088195289a35353fFD
909,0x95C9718Ab7d11119815c44e16b9F22e730747884
910,0xd9b70CF9D16d9FD45c1ecE19E59672300CfDb517
911,0xf75739750892c1CF6Cb43351Cd29CE3E6EE4dAe1
912,0xb29E4792cE56E431dBF349E206cBc944134E4d66
913,0xB5C9152297D1DBFf2b07CDDe2Bb2D5348b74BebB
914,0x5e8eD51aDb53702fa6df2341a9E589c5C9e18159
915,0x84E9e0caE136D4318764855dEa2Cff59C2e1102c
916,0x4c723509d98ba05491817a1D0BAF02be0FAe85d1
917,0xca70fE3852E51DaCea9A60e34f5222b2267aeeD0
918,0x1c2A6B919c713452e1B176CddE5d592666991a04
919,0xa7359fb8FcDA1E50565a98cDacEeBaF0aF62388B
920,0x0F6b35b19751f460936e1b4717E04464760145b5
921,0x7871A3C2427f00336eD84d0Fd8d618D3ed625521
922,0xC4307DE90C9945aeD7FE3868DA9E5bE168c5Fc33
923,0x077a0E9d97D162Ae57c92564029D85FFf4322409
924,0xe95308743bDF4d1F6Ed1d7E0569aCC081aa83Ed0
925,0x2ecaeA78285EF6089ee7daCB438C953597cD58f9
926,0xd19ec52A74b148d0dc71c1F2986E915E1a29683F
927,0x4E36380a773bA82A192db08e0dA27C63Cb706B5a
928,0xDCDFf3b2DB3475B1f05c1fc8E28F73cD6932dB2f
929,0x28e4a4b55ca2C74808f43E389cAdE0B29270B8e1
930,0x20b784450C4F7675C00cddE603aaD35c4154e049
931,0xe0380666aFd43eFaF9fD81758Dacb4d379404708
932,0x84f9e99D73DeE4d280530542963040C298Eb3fA9
933,0x0051997f7c82f542D6cEc0179f3907776fD5d221
934,0x18B4087ee658f4E8B2af463Bd7033Ca628C628FA
935,0x5De15700e0d5976230092A718C7Eb13ffb2f4805
936,0x94898D930E34445Fa3687E809dC45d73D99E69c8
937,0x3967ee2884043202f648bEAB0e5Af39c384f688E
938,0xf672D65CdADC0ad10BEe141fBB7842FF3De32073
939,0x502a3fCBc2932f321f13243c3a8Af796631e5F97
940,0x34335178a747C595c3b460b2007430B14BBF58E8
941,0xbC2451E6A07D7BFba7CddD68Fd06cBF29727422C
942,0x84CAB6d4c15E969465B8F7D8081DF43Fd192a38E
943,0xe8Ab543996BA22F5C86DCf8ea8edd7780e6Ef312
944,0x5C9Cc6324f0Fdcb42e745B1fc43289451ca3FeF4
945,0x54494E6BEaee62B4d093505d125c466324b38667
946,0x6c57c839bcBee3dade643Ba30c2ef3B340F763b7
947,0x74aEe8735b863739740fbFbAB3d173A782Da314A
948,0x9BefAbaeCEe78D9F1F75643854809E09c730d6c1
949,0xA02a1C6021F0e46B772Ba8eC13b178D73e3f5736
950,0x019875d6f66F5182981E38F45f7aD76d22C13F75
951,0x8b296341D1F1bAD94fb5Ec7969f7911918233c1F
952,0x7DcC356fAC8CD7023c31DdD3EcA499B6b0AFf8EF
953,0x6518D14Bd58Acd076754a6fb0C2Ac8f17e894AF6
954,0x18523Ac3BDFAbf3388D593b3c3C9C5492b430cd4
955,0xfaE7aeF4503F47Ef34d448e40E73A81A309d8F95
956,0x3B04A3a217af666C0940989FB3C35f6816F65b21
957,0xa7FC054Ed9EfD09d65B691A2E42e6dFDc086E197
958,0xCD19df99A42e8bD2f640fA439272314fd9d630B6
959,0x5Ae33870cC9Fd797e55A37fc0d0813D0a9545e8c
960,0xd2E7c4fB4EEC68DdCdc8cEEC18655B75CDCC9dBD
961,0xe6167103Dc4267a7eba96901298bf6fA4F74eD03
962,0xA8443177Fb6c6a46abAaDe4b3bA72731E2e75c60
963,0x3dB1CDDd04DCCCdFc92241532a28d0A5A5095a7d
964,0x16171af108795A8d04950d8776ad73b5C362a48A
965,0x1DCFB48C963929B2C3ce3ddEF8979fa3aA273134
966,0x59a7738db52A32291B95aE1F5958c627754A4A59
967,0x2ad062E9Ee76Ee02F5e17cC6cC68E50BB4Be762A
968,0x20eB2AEB8Ce6552Fe4ED08Dc093C521c3FD83439
969,0x5dbDB710E994032933d83B01bCC8A7424F5E96a5
970,0x7E5F45CfEf7D2bb8DB11fD084bc932E9845F2eb1
971,0x524c935936577ee6697923ca97E954f6bBeD8d1f
972,0x78B1A330B75c628181A58765D4C4906B70D7EfB3
973,0x83de7958B20403A0752242A132Af180Cc77e1787
974,0x141D00c02E4F4AAd9Ec0d168D281447E9dFBAf5D
975,0x42C78D6e9D5EdeDdC4740c4eB469aCAcd696495E
976,0x9567b1eBB897021D18c759f4c39d2176E9A67B76
977,0xeEDB19B07b9B15DB58613a0565e9e6F1D8e9A5A2
978,0xb06C746BF1d3F9C0BD478E614D76cbE38642B616
979,0xaDB5e29e437cd20de73aE6DF86886b0c3471DeE9
980,0x58f9CeFaF0c8aEf26Af758B11EB365EA5d3128b5
981,0x19e75f5f09455BaFc31f77a09527866B87048A0E
982,0x341d074883890Fc2f21E4C188c74E96CfCb07f3d
983,0x6901E2AD91CFE3e118f4483cE3b6b782CD4992e9
984,0xC35Ca7467d113c0E77889A012406640ECDCbd0f3
985,0x270e5fD15E27BA303a48c911181372a5ea521836
986,0x0424245273BD23BbDebAAc9728b9dd586c0b2d77
987,0x6BD95B3b4e35fB240038fAEa5d3a312c15585eBe
988,0xC17aA11821821E5Cd2830A079bBE7e3D2b1B91d6
989,0x7cf65c468800383644550EE89660B2bA8a058A3e
990,0x295401e927fF65F6328c035D4aEfC0d71C491194
991,0x0245019253dA0DE0e05643777D4D530848745948
992,0x469E70d6Ee5b12Cf12Bc046A1f9dB49C0f1f02a6
993,0x86114d4f20C3be3B40113aeE23eB32989De88DcD
994,0x0d13bFa044501f8Ea4E3b16335069db707cB786a
995,0xaa6cceA6B3C3Cb88A4C7B35BA010E9BAe492B6D2
996,0x193376e3aF27f3c047892534a23ad6a02f0aA7c4
997,0x944E81969979948D1A9e5E608dd012842Ece8a96
998,0xBaAF072A1C06ed8B1C525C8Ea092c0A3158659d7
999,0x4f6A4a85aD13Cd97889b1183a358f8fF67F81612
